,municipality
22109,Aalborg
22020,Aarhus
13359,Aasiaat
46441,Abadan
60057,Abakan
19556,Abbotsford
24667,Abeche
21795,Aberdeen
46137,Abha
20554,Abidjan
33583,Abilene
45643,Ablow
44177,Abrahams Bay
46745,Abu Dhabi
46449,Abu Musa
26872,Abu Simbel
20647,Abuja
41112,Acapulco
57231,Acarigua
20539,Accra
46143,Ad Dammam
47267,Adak
68093,Adampur
26748,Addis Ababa
71002,Adelaide
47058,Aden
19922,Adrar
40177,Adıyaman
20702,Agadez
26505,Agadir (Temsia)
67932,Agartala
68239,Agatti
38662,Agen/La Garenne
68087,Agra
58626,Aguadilla
41115,Aguascalientes
49501,Aguni
45540,Ahe Atoll
67634,Ahmedabad
46448,Ahvaz
40770,Ailinglapalap Atoll
40765,Ailuk Island
12300,Aitape
44636,Aitutaki
67964,Aizawl (Lengpui)
38874,Ajaccio/Napoléon Bonaparte
68120,Ajmer (Kishangarh)
71643,Akiachak
49074,Akita
19362,Aklavik
33915,Akron
72307,Aksu (Onsu)
59668,Aktau
59671,Aktobe
19368,Akulivik
20649,Akure
13445,Akureyri
47420,Akutan
46753,Al Ain
46139,Al Aqiq
27134,Al Bayda'
47065,Al Ghaydah
26539,Al Hoceima
46191,Al Wajh
46181,Al-Jawf
27233,Al-Ubayyid
26378,"Alajero, La Gomera Island"
33650,Alamosa
38630,Alava
33586,Albany
71183,Albion Park Rail
41477,Albrook
33584,Albuquerque
70719,Albury
6459,Aleknagik
47039,Aleppo
33608,Alexandria
39117,Alexandroupolis
39299,Alghero
19882,Algiers
38480,Alicante
69856,Alice Springs
68089,Allahabad
33582,Allentown
19503,Alma
59635,Almaty
56214,Almeirim
38481,Almería
44990,Alofi
68814,Alor Island
69080,Alor Satar
33676,Alpena
22224,Alstahaug
22120,Alta
50999,Alta Floresta
72128,Altai
51056,Altamira
17877,Altay
40072,Altenrhein
33669,Altoona
40161,Altıntaş
49040,Amagi
49009,Amakusa
49037,Amami
33653,Amarillo
40125,Amasya
23997,Ambatondrazaka
68784,Ambon
27041,Amboseli National Park
45660,Ambrym Island
59989,Amderma
46551,Amman
68091,Amritsar
21928,Amsterdam
45517,Anaa
59837,Anadyr
16439,Anahim Lake
24007,Analalava
45665,Anatom Island
47358,Anchorage
39360,Ancona
56349,Andahuaylas
22117,Andenes
67229,Andizhan
44137,Andros
44139,Andros Island
44834,"Angaha, Niuafo'ou Island"
21789,Angelsey
17408,Angling Lake
47359,Aniak
45666,Aniwa
72060,Ankang
40112,Ankara
23984,Ankavandra
19896,Annaba
38898,Annecy/Meythet
72168,Anqing
72328,Anshan
40183,Antakya
40118,Antalya
23982,Antananarivo
23998,Antisiranana
51394,Antofagasta
23980,Antsalova
24005,Antsirabe
24017,Antsohihy
20785,Antwerp
11098,Anua
47365,Anvik
49068,Aomori
45520,Apataki
45506,Apia
46553,Aqaba
50998,Aracaju
39863,Arad
57771,Araguaína
46176,Arar
50997,Araraquara
55264,Arauca
51002,Araxá
51000,Araçatuba
47007,Arbil
33593,Arcata/Eureka
59970,Archangelsk
19218,Arctic Bay
47388,Arctic Village
46534,Ardabil
56413,Arequipa
39131,Argos Orestiko
51323,Arica
55153,Armenia
69827,Armidale
40193,"Arnavutköy, Istanbul"
44149,Arthur's Town
59889,Artyom
27389,Arua
27284,Arusha
72127,Arvaikheer
19291,Arviat
22790,Arvidsjaur
71981,Arxan
26906,Asab
49018,Asahikawa
46457,Asalouyeh
45505,Asau
33719,Asheville
67220,Ashgabat
26903,Asmara
26795,Asosa
33695,Aspen
60150,Astrakhan
39159,Astypalaia Island
52938,Asunción
26895,Aswan
26868,Asyut
69210,Atambua
27200,Atbara
39120,Athens
44637,Atiu Island
33706,Atlanta
33594,Atlantic City
5419,Atmautluak
11093,Atoifi
19227,Attawapiskat
59669,Atyrau
45827,Auckland
33710,Augusta
11097,Auki
19373,Aupaluk
40766,Aur Atoll
67636,Aurangabad
38905,Aurillac
26729,Aurora
69840,Aurukun
33715,Austin
44646,Avarua
38927,Avignon/Caumont
47597,Awaba
56346,Ayacucho
69846,Ayers Rock
40176,Ağrı
68288,Baa Atoll
48833,Babelthuap Island
22376,Babimost
49593,Bacolod City
39864,Bacău
38494,Badajoz
48951,Badanjilin
21326,Baden-Baden
47003,Baghdad
19241,Bagotville
49567,Baguio City
46829,Bahawalpur
50962,Bahia Blanca
47129,Bahia Piña
26754,Bahir Dar
55162,Bahía Solano
39867,Baia Mare
19943,Baicheng
19237,Baie-Comeau
47621,Baimuru
17846,Baise (Tianyang)
44527,Baishan
68845,Bakalalan
19242,Baker Lake
33779,Bakersfield
59682,Baku
40137,"Bakırköy, Istanbul"
67325,Balakovo
21810,Balemartine
49582,Baler
47614,Balimo
21803,Balivanich
67144,Balkanabat
11100,Ballalae
69945,Ballina
51330,Balmaceda
33874,Baltimore
46498,Bam
70932,Bamaga
25302,Bamako
13542,Bamburi
48442,Banana
69055,Banda Aceh
68773,Banda-Naira Island
46494,Bandar Abbas
69011,Bandar Lampung-Sumatra Island
46455,Bandar Lengeh
68871,Bandar Seri Begawan
46548,Bandar-e-Jask
69020,Bandara Kuala Namu
24955,Bandundu
68994,Bandung-Java Island
68242,Bangalore
72211,Bangda
68370,Bangkok
33787,Bangor
23664,Bangui
39847,Banja Luka
68767,Banjarmasin-Borneo Island
26376,Banjul
68476,Banmaw
46827,Bannu
27552,Banyuwangi
17791,Baoshan
71991,Baotou
33789,Bar Harbor
41962,Baracoa
40597,Barahona
69855,Barcaldine
57253,Barcelona
57635,Barcelos
39260,Bari
57259,Barinas
68852,Bario
68048,Barisal
60060,Barnaul
57263,Barquisimeto
55181,Barrancabermeja
55160,Barranquilla
25006,Basankusu
49579,Basco
47010,Basra
58570,Basse-Terre
58639,Basseterre
38867,Bastia/Poretta
23696,Bata
59696,Batagay
59702,Batagay-Alyta
68998,Batam Island
69987,Bathurst
40171,Batman
19901,Batna
33856,Baton Rouge
67687,Battambang
67675,Batticaloa
59804,Batumi
20652,Bauchi
54371,Bauru
72005,Bavannur
27710,Bawean
41966,Bayamo
12794,Bayanhot
72131,Bayankhongor
17826,Bazhong
18194,Bearskin Lake
33794,Beatrice
33840,Beaumont/Port Arthur
38955,Beauvais
33813,Beckley
26755,Beica
72010,Beihai (Yinhai)
71972,Beijing
24127,Beira
46703,Beirut
68832,Belaga
26820,Beledweyne
21620,Belfast
67640,Belgaum
67275,Belgorod
40300,Belgrade
44256,Belize City
16535,Bella Bella
19238,Bella Coola
33820,Belleville
33817,Bellingham
15460,Belmopan
51019,Belo Horizonte
23985,Belo sur Tsiribihina
51003,Belém
27132,Benghazi
69040,Bengkulu
13206,Benguera Island
26522,Beni Mellal
20653,Benin
68822,Benteng
26816,Berbera
19250,Berens River
22130,Bergen
38665,Bergerac/Roumanière
22132,Berlevåg
21055,Berlin
40057,Bern
24012,Besalampy
60134,Beslan
47241,Bethel
68193,Bhadrapur
68189,Bharatpur
67643,Bhavnagar
67642,Bhopal
67940,Bhubaneswar
67639,Bhuj
68680,Biak-Supiori Island
38684,Biarritz/Anglet/Bayonne
15461,Big Creek
19505,Big Trout Lake
11136,Bigatyelang Island
72212,Bijie
40767,Bikini Atoll
11091,Bila
67638,Bilaspur
38487,Bilbao
33798,Billings
22026,Billund
71298,Biloela
68695,Bima-Sumbawa Island
33786,Binghamton
58820,Bingöl
68831,Bintulu
68231,Biratnagar
71667,Birch Creek
46503,Birjand
21629,Birmingham
59649,Bishkek
19923,Biskra
33799,Bismarck
26467,Bissau
69869,Blackall
21769,Blackpool
59813,Blagoveschensk
24784,Blantyre
45998,Blenheim
33793,Block Island
23110,Bloemfontain
33824,Bloomington/Normal
33815,Bluefield
41315,Bluefileds
26452,Bo
51012,Boa Vista
20533,Bobo Dioulasso
47133,Boca de Sábalo
59905,Bodaybo
40189,Bodrum
22129,Bodø
59856,Bogorodskoye
55159,Bogota
33833,Boise
46509,Bojnord
68715,Bokondini
38454,Bol
72309,Bole
39343,Bologna
39340,Bolzano
24931,Boma
51034,Bonito
19240,Bonnyville
69218,Bontang-Borneo Island
38664,Bordeaux/Mérignac
19921,Bordj Badji Mokhtar
21409,Borkum
22808,Borlange
26813,Bosaso
41033,Boscobel
13584,Bosset
33834,Boston
26727,Botopasi
20558,Bouaké
21713,Bournemouth
67070,Bovanenkovo
33885,Bozeman
33774,Bradford
39776,Bragança
33844,Brainerd
19247,Brandon
33752,Branson
51009,Brasília
40335,Bratislava
59899,Bratsk
23494,Brazzaville
21070,Bremen
60039,Brest
39031,Brest/Guipavas
33765,Bridgeport
58436,Bridgetown
39267,Brindisi
69863,Brisbane
21703,Bristol
37782,Bristol/Johnson/Kingsport
39064,Brive la Gaillarde
39494,Brno
19248,Brochet
69904,Broken Hill
69974,Broome
33846,Brownsville
33841,Brunswick
20803,Brussels
67260,Bryansk
22128,Brønnøy
44884,Buariki
55157,Bucaramanga
39883,Bucharest
39190,Budapest
55163,Buenaventura
50823,Buenos Aires
50853,Buenos Aires (Ezeiza)
33860,Buffalo
67306,Bugulma
26801,Bujumbura
12799,Buka Island
67238,Bukhara
27272,Bukoba
24695,Bulawayo
72132,Bulgan
69998,Bundaberg
68759,Buol-Celebes Island
68442,Buon Ma Thuot
33862,Burbank
44816,Bureta
38389,Burgas
38490,Burgos
33845,Burlington
71478,Burnie
71203,Burnt Pine
72316,Burqin
40153,Bursa
49375,Busan
46450,Bushehr
44883,Butaritari
33853,Butte
49539,Butuan
22276,Bydgoszcz
39054,Bâle/Mulhouse
22131,Båtsfjord
19916,Béchar
19880,Béjaïa
38926,Béziers/Vias
21417,Büsum
68446,Ca Mau City
24047,Cabinda
51016,Cabo Frio
56807,Cacoal
39040,Caen/Carpiquet
47631,Cagayan de Oro
39301,Cagliari
69873,Cairns
26874,Cairo
55998,Cairu
56368,Cajamarca
20655,Calabar
51349,Calama
49594,Calbayog City
51025,Caldas Novas
19560,Calgary
55171,Cali
68248,Calicut
38868,Calvi/Sainte-Catherine
68447,Cam Ranh
41973,Camaguey
19254,Cambridge Bay
19243,Campbell River
21682,Campbeltown
41127,Campeche
51072,Campina Grande
51073,Campinas
51020,Campo Grande
51027,Campos Dos Goytacazes
68449,Can Tho
57284,Canaima
71163,Canberra
41201,Cancún
58459,Canefield
72156,Cangyuan Va Autonomous County
38911,Cannes
59109,Canouan
41857,Cap Haitien
26553,Cap Skirring
33957,Cape Girardeau
23137,Cape Town
57419,Caracas
38917,Carcassonne/Salvaza
21700,Cardiff
55201,Carepa
34010,Carlsbad
70042,Carnarvon
58581,Carriacou Island
41527,Carrillo
55168,Cartagena
55188,Cartago
19253,Cartwright
56054,Caruaru
57286,Carúpano
26529,Casablanca
39788,Cascais
51015,Cascavel
34030,Casper
38499,Castellón de la Plana
19258,Castlegar
21777,Castletown
38695,Castres/Mazamet
58644,Castries
23699,Cat Hill
44150,Cat Island
19219,Cat Lake
50874,Catamarca
39272,Catania
49597,Catarman
24053,Catumbela
49589,Cauayan City
51031,Caxias Do Sul
15462,Caye Caulker
15463,Caye Chapel
42029,Cayman Brac
41969,Cayo Coco
41972,Cayo Largo del Sur
51018,Caçador
33931,Cedar City
33972,Cedar Rapids
58634,Ceiba
41132,Celaya
46545,Chabahar
46074,Chaghcharan
38885,Chambéry/Aix-les-Bains
68102,Chandigarh
72329,Changchun
72011,Changde
72330,"Changhai, Dalian"
72016,Changsha
41467,Changuinola
71976,Changzhi
72170,Changzhou
51021,Chapecó
50985,Chapelco/San Martin de los Andes
34048,Charleston
21997,Charlestown
69874,Charleville
19261,Charlo
33996,Charlotte
58612,Charlotte Amalie
33966,Charlottesville
19564,Charlottetown
33961,Chattanooga
68051,Chattogram (Chittagong)
67312,Cheboksary
67065,Chelyabinsk
71974,Chengde
72238,Chengdu
68261,Chennai
72013,Chenzhou
49416,Cheongju
39032,Cherbourg/Maupertus
67317,Cherdakly
59983,Cherepovets
59957,Chernivtsi
59766,Cherskiy
19267,Chesterfield Inlet
41124,Chetumal
47421,Chevak
19341,Chevery
34088,Cheyenne
68383,Chiang Mai
68392,Chiang Rai
48922,Chiayi City
19397,Chibougamau
35610,Chicago
37389,Chicago/Rockford
56344,Chiclayo
71975,Chifeng
10810,Chignik Lake
41130,Chihuahua
56330,Chimbote
24129,Chimoio
55301,Chimore
39126,Chios Island
23890,Chipata
19815,Chisana
18806,Chisasibi
59890,Chita
24059,Chitato
46830,Chitral
41466,Chitré
32654,Chizhou
40207,Chişinău
59764,Chokurdah
72213,Chongqing
45840,Christchurch
58613,Christiansted
70084,Christmas Creek Mine
10311,Chuathbaluk
68410,Chumphon
19571,Churchill
19830,Churchill Falls
44804,Cicia
41967,Ciego de Avila
41971,Cienfuegos
68898,Cijulang
68713,Cilacap-Java Island
34067,Cincinnati / Covington
41128,Ciudad Juárez
41125,Ciudad Obregón
41131,Ciudad Victoria
41120,Ciudad del Carmen
52944,Ciudad del Este
33979,Clarksburg
38886,Clermont-Ferrand/Auvergne
33989,Cleveland
70058,Cloncurry
24785,Club Makokola
39873,Cluj-Napoca
19272,Clyde River
55306,Cobija
52871,Coca
55296,Cochabamba
40480,Cockburn Town
58431,Codrington
70124,Coen
70079,Coffs Harbour
68245,Coimbatore
41146,Colima
33992,College Station
21061,Cologne
67672,Colombo
44153,Colonel Hill
34023,Colorado Springs
33913,Columbia
35404,Columbus
34976,Columbus/W Point/Starkville
19521,Colville Lake
41469,Colón
39271,Comiso
50924,Comodoro Rivadavia
41134,Comondú
19456,Comox
68448,Con Dao
26691,Conakry
51446,Concepcion
35289,Concord
19897,Constantine
39872,Constanţa
47132,Contadora Island
70130,Cooma
22030,Copenhagen
51325,Copiapo
19585,Coral Harbour
19805,Corazón de Jesús and Narganá Islands
50832,Cordoba
47260,Cordova
21978,Cork
57288,Coro
49612,Coron
55179,Corozal
34044,Corpus Christi
41520,Corredores
50894,Corrientes
51028,Corumbá
49426,Corvera
39787,Corvo
49537,Cotabato City
19934,Cotonou
68049,Cox's Bazar
41133,Cozumel
45647,Craig Cove
39877,Craiova
19541,Cranbrook
33939,Crescent City
39172,Crete Island
51024,Criciúma
39259,Crotone
29579,Cruz
51033,Cruzeiro Do Sul
52874,Cuenca
51032,Cuiabá
41123,Culiacán
38503,Culleredo
39336,Cuneo
51029,Curitiba
56453,Cusco
49524,Cuyo
55166,Cúcuta
68451,Da Lat
68452,Da Nang
49413,Daegu
26549,Dakar
26525,Dakhla
40154,Dalaman
72141,Dalanzadgad
46833,Dalbandin
72157,Dali (Xiaguan)
34126,Dallas
34146,Dallas-Fort Worth
20638,Dalnerechensk
47040,Damascus
15465,Dangriga
72214,Daocheng County
20688,Daqing
27274,Dar es Salaam
67928,"Darbhanga, Bihar, India"
21780,"Darlington, Durham"
70227,Darnley Island
12815,Daru
71016,Darwin
68736,Datadawai-Borneo Island
71979,Datong
19283,Dauphin
49538,Davao
41468,David
46144,Dawadmi
68480,Dawei
19276,Dawson City
19286,Dawson Creek
46500,Dayrestan
34129,Dayton
34123,Daytona Beach
72215,Dazhou
67223,Daşoguz
47392,Deadhorse
44174,Deadman's Cay
39036,Deauville
39193,Debrecen
34138,Decatur
19279,Deer Lake
68106,Dehradun
20489,Dekai - Yahukimo
49559,Del Carmen
72063,Delingha
72008,Delma Island
26759,Dembidollo
71182,Denham
40134,Denizli
68696,Denpasar-Bali Island
34141,Denver
20686,Deputatskiy
46834,Dera Ghazi Khan
46835,Dera Ismael Khan
21624,Derry
34187,Des Moines
26758,Dessie
34194,Detroit
70238,Devonport
46442,Dezful
68061,Dhaka
67967,Dibrugarh
68450,Dien Bien Phu
39056,Dijon/Longvic
69203,Dili
47268,Dillingham
45667,Dillon's Bay
67968,Dimapur
39033,Dinard/Pleurtuit/Saint-Malo
49541,Dipolog City
26762,Dire Dawa
67554,Diu
40164,Diyarbakır
19883,Djanet
20725,Djerba
26828,Djibouti City
26728,Djumu-Djomoe
59928,Dnipropetrovsk
34136,Dodge City
27275,Dodoma
47051,Doha
38793,Dole/Tavaux
23537,Dolisie
68197,Dolpa
21658,Doncaster
21983,Donegal
68157,Dong Hoi
27207,Dongola
21185,Dortmund
34149,Dothan
23765,Douala
56620,Dourados
21056,Dresden
55472,Drietabbetje
19332,Dryden
46760,Dubai
71170,Dubbo
21984,Dublin
34199,Dubois
38438,Dubrovnik
34131,Dubuque
34159,Duluth
49595,Dumaguete City
68987,Dumai
21805,Dundee
45847,Dunedin
72062,Dunhuang
46711,Duqm
41136,Durango
23252,Durban
67946,Durgapur
67225,Dushanbe
23974,Dzaoudzi
19534,Déline
21062,Düsseldorf
34603,Eagle
23166,East London
19794,Eastmain River
35998,Eastsound
34575,Eau Claire
21683,Eday
21799,Edinburgh
19290,Edmonton
40188,Edremit
47316,Egegik
13456,Egilsstaðir
39590,Eilat
21935,Eindhoven
22016,Ejin Banner
26528,El Aaiún
26867,El Arish
50941,El Calafate
34624,El Dorado
27210,El Fasher
26380,El Hierro Island
19924,El Menia
48116,El Nido
34629,El Paso
47130,El Real de Santa María
51389,El Salvador
57554,El Tigre
57587,El Vigía
55274,El Yopal
40162,Elazığ
70284,Elcho Island
27047,Eldoret
60151,Elista
34618,Elko
34626,Elmira/Corning
45646,Emae Island
21396,Emden
70296,Emerald
47279,Emmonak
52943,Encarnación
68812,Ende-Flores Island
20657,Enegu
22017,Enejit Island
20718,Enfidha
48218,Eniwetok Atoll
21487,Enontekio
41138,Ensenada
72038,Enshi
21807,Eoligarry
45661,Epi Island
71980,Erenhot
21057,Erfurt
34648,Erie
26513,Errachidia
40165,Erzincan
40166,Erzurum
22035,Esbjerg
40160,Eskişehir
26706,Espargos
70311,Esperance
50926,Esquel
26526,Essaouira
70753,Essendon Fields
44831,Eua Island
34662,Eugene
34667,Evansville
22143,Evenes
36134,Everett
21845,Exeter
71046,Exmouth
21684,Fair Isle
47282,Fairbanks
46837,Faisalabad
68800,Fakfak-Papua Island
24026,Farafangana
45558,Fare
34736,Fargo
39794,Faro
13027,Fatima Mission
34738,Fayetteville
38027,Fayetteville/Springdale/Rogers
46079,Fayzabad
55834,Feira De Santana
11101,Fera Island
67230,Fergana
51044,Fernando de Noronha
26511,Fes
24025,Fianarantsoa
38871,Figari Sud-Corse
39381,Firenze
45508,Fitiuta Village
34776,Flagstaff
19308,Flin Flon
70331,Flinders Island
34792,Flint
34778,Florence
55182,Florencia
51043,Florianópolis
22148,Florø
71078,Flying Fish Cove
39261,Foggia
23971,Fomboni
19797,Fond-Du-Lac
39348,Forlì (FC)
50897,Formosa
19301,Fort Albany
19443,Fort Chipewyan
34794,Fort Dodge
19221,Fort Frances
19316,Fort Good Hope
19306,Fort Hope
34767,Fort Huachuca / Sierra Vista
34777,Fort Lauderdale
37724,Fort Leonard Wood
19395,Fort McMurray
19799,Fort Mcpherson
37448,Fort Myers
19562,Fort Nelson
46898,Fort Sandeman
19295,Fort Severn
19310,Fort Simpson
19491,Fort Smith
19546,Fort St.John
34825,Fort Wayne
58572,Fort-de-France
51047,Fortaleza
17825,Foshan (Nanhai)
26371,Foula
51042,Foz do Iguaçu
24116,Franceville
23429,Francistown
21088,Frankfurt am Main
19303,Fredericton
44169,Freeport
26458,Freetown (Lungi-Town)
68156,Freguesia de Nossa Senhora do Carmo (Taipa)
34737,Fresno
34766,Friday Harbor
21235,Friedrichshafen
26377,Fuerteventura Island
49024,Fukuoka
24057,Funadhoo
44869,Funafuti
39806,Funchal
45254,Futuna Island
72334,Fuyuan
72311,Fuyun
22126,Førde
59686,Gabala
23474,Gaborone
20723,Gabès
20722,Gafsa
68110,Gaggal
34946,Gainesville
26822,Galcaio
67680,Galle
21980,Galway
25194,Gamba
26767,Gambela
19466,Gamètì
68290,Gan
19463,Gander
59683,Ganja
72351,"Ganjingzi, Dalian"
68244,Gannavaram
72174,Ganzhou
34897,Garden City
23776,Garoua
26826,Garowe
72219,Garze County
47600,Gasmata Island
19321,Gaspé
19405,Gatineau
11125,Gatokae
45656,Gaua Island
40119,Gaziantep
40190,Gazipaşa
25014,Gbadolite
22285,Gdańsk
60123,Gelendzhik
25020,Gemena
49551,General Santos
40001,Geneva
39329,Genova
23183,George
58265,Georgetown
58964,Gerald's Park
70375,Geraldton
19134,Geçitkale
27144,Ghadames
23438,Ghanzi
19925,Ghardaïa
27130,Ghat
40281,Gibraltar
46839,Gilgit
19327,Gillam
34895,Gillette
38521,Girona
45866,Gisborne
11108,Gizo
19337,Gjoa Haven
70394,Gladstone
34923,Glasgow
50951,Gobernador Gregores
26769,Gode
19320,Gods Lake Narrows
19802,Gods River
51050,Goiânia
69867,Gold Coast
22356,Goleniow
41546,Golfito
72065,Golmud
26537,Golog
25075,Goma
44842,Gombe
60042,Gomel
26768,Gondar
49371,Gonghang-ro
19572,Goose Bay
67949,Gorakhpur
26770,Gore
12838,Goronka
68750,Gorontalo-Celebes Island
22710,Gothenburg
49023,Goto
51054,Governador Valadares
44163,Governor's Harbour
26384,Gran Canaria Island
57527,Gran Roque Island
38523,Granada
24658,Grand Anse
58575,Grand Bourg
34899,Grand Canyon - Tusayan
58573,Grand Case
34915,Grand Forks
34962,Grand Island
34928,Grand Junction
34966,Grand Rapids
56284,Grand-Santi
58569,Grande Anse
19460,Grande Prairie
34993,Grayling
39757,Graz (Feldkirchen bei Graz)
34974,Great Falls
34958,Green Bay
34969,Greensboro
34934,Greenville
34970,Greer
70424,Griffith
21771,Grimsby
19328,Grise Fiord
21936,Groningen
70423,Groote Eylandt
49673,Grozny
12757,Gruyere Mine village
13466,Grímsey
41140,Guadalajara
40873,Guanaja
72217,Guangyuan
72015,Guangzhou (Huadu)
41981,Guantánamo
55189,Guapi
55756,Guarapari
40742,Guatemala City
52877,Guayaquil
55338,Guayaramerín
41141,Guaymas
19930,Guemar
72020,Guilin (Lingui)
72218,Guiyang
34955,Gulfport
27393,Gulu
69014,Gunungsitoli
46150,Gurayat
12845,Gurney
58574,Gustavia / Saint-Jean
47301,Gustavus
67950,Guwahati
46083,Guzara
46838,Gwadar
68111,Gwalior
49358,Gwangju
37526,Gwinn
59692,Gyumri
22774,Gällivare
46151,Ha'il
68291,Haa Dhaalu Atoll
49089,Hachijojima
22218,Hadsel
47629,Hagåtña
39596,Haifa
72052,Haikou (Meilan)
71986,Hailar
37656,Hailey
47307,Haines
68444,Haiphong
40182,Hakkari
48998,Hakodate
24863,Halali
19346,Halifax
22761,Halmstad
46477,Hamadan
21060,Hamburg
72312,Hami
59264,Hamilton
69907,Hamilton Island
22157,Hammerfest
48121,Hana
49073,Hanamaki
34003,Hancock
71982,Handan
72175,Hangzhou
21069,Hannover
72068,Hanzhong
24720,Harare
72336,Harbin
26815,Hargeisa
35105,Harlingen
35609,Harrisburg
35106,Harrison
33762,Hartford
19926,Hassi Messaoud
19903,Hassi R'Mel
22158,Hasvik
68419,Hat Yai
41982,Havana
19345,Hay River
27042,Healy Lake
72017,Hechi (Jinchengjiang)
72187,Hefei
68485,Heho
72332,Heihe
35077,Helena
21423,Helgoland
21498,Helsinki
22848,Hemavan
48923,Hengchung
72019,Hengyang
39130,Heraklion
20987,Heringsdorf
41145,Hermosillo
72050,Herschel Island (Yukon Territory)
70439,Hervey Bay
72176,Heze
35061,Hibbing
49069,Higashine
19417,High Level
57357,Higuerote
48138,Hilo
49051,Hiroshima
45552,Hiva Oa Island
68467,Ho Chi Minh City
70772,Hobart
47066,Hodeida
23212,Hoedspruit
36062,Hoemun-ri
46138,Hofuf
71983,Hohhot
41983,Holguin
71984,Holingol
47304,Holy Cross
38603,Hondarribia
68062,Hong Kong
11102,Honiara
22164,Honningsvåg
48132,Honolulu
47369,Hoonah
19340,Hopedale
70452,Horn Island
39799,Horta
35094,Hot Springs
72324,Hotan
72327,Hotan (Yutian)
35192,Houston
60049,Hrodna
68396,Hua Hin
26943,Huai'an
72012,Huaihua
48944,Hualien City
24062,Huambo
72222,Huangping
72194,Huangshan
72183,Huangyan
41116,Huatulco
68141,Huay Xai
67648,Hubli
47310,Hughes
17832,Huizhou (Pingtan)
72353,"Hunnan, Shenyang"
35123,Huntington
35119,Huntsville
26879,Hurghada
35092,Huron
68294,Huvadhu Atoll
48934,Huxi
56382,Huánuco
68459,Huế
35143,Hyannis
68254,Hyderabad
13472,Höfn
13476,Húsavík
47627,"I Fadang, Saipan"
39880,Iaşi
20661,Ibadan
55194,Ibagué
38537,Ibiza
35198,Idaho Falls
60113,Igarka
19324,Igloolik
47603,Ihu
39128,Ikaria Island
49010,Iki
25174,Ilebo
19790,Ilford
51059,Ilhéus
19887,Illizi
49600,Iloilo (Cabatuan)
20662,Ilorin
13387,Ilulissat
51062,Imperatriz
67953,Imphal
19933,In Aménas
19927,In Salah
35227,Indianapolis
67649,Indore
24132,Inhambane
22003,Inis Meáin
21992,Inis Mór
21993,Inis Oírr
39758,Innsbruck
24942,Inongo
35231,International Falls
19429,Inukjuak
19299,Inuvik
45940,Invercargill
21975,Inverin
21796,Inverness
39129,Ioannina
51060,Ipatinga
55197,Ipiales
69086,Ipoh
45669,Ipota
19302,Iqaluit
51365,Iquique
56412,Iquitos
59903,Irkutsk
46472,Isfahan
28871,Ishigaki
52876,Isla Baltra
41465,Isla Colón
51454,Isla De Pascua
57417,Isla Margarita
57371,Isla de Coche
46840,Islamabad
19352,Island Lake
35247,Islip
40187,Isparta
51058,Itaituba
35251,Ithaca
21511,Ivalo
59955,Ivano-Frankivsk
67255,Ivanovo
19350,Ivujivik
49057,Iwakuni
41206,Ixtapa
41149,Ixtepec
67092,Izhevsk
49094,Izu Oshima
49053,Izumo
40180,Iğdır
40779,Jabor Jaluit Atoll
35658,Jackson
35268,Jacksonville
41859,Jacmel
47605,Jacquinot Bay
67679,Jaffna
28514,Jagdalpur
51063,Jaguaruna
68116,Jaipur
68281,Jakar
69005,Jakarta
69035,Jambi-Sumatra Island
35286,Jamestown
68118,Jammu
67652,Jamnagar
68203,Janakpur
41474,Jaqué
68053,Jashore (Jessore)
56365,Jauja
68718,Jayapura-Papua Island
56363,Jaén
46762,Jebel Ali
46156,Jeddah
49372,Jeju City
27547,Jember
41860,Jeremie
38543,Jerez de la Frontera
17845,Ji'an
57830,Ji-Paraná
29575,Jiagedaqi
72339,Jiamusi
72340,Jiansanjiang
72236,"Jianyang, Chengdu"
58429,"Jiaozhou, Qingdao"
72071,Jiayuguan
72026,Jieyang (Rongcheng)
19891,Jijel
26773,Jijiga
26774,Jimma
72179,Jinan
29576,Jinchang
72177,Jingdezhen
72159,Jinghong (Gasa)
72042,Jingzhou
72070,Jining
72178,Jiujiang
72220,Jiuzhaigou
46842,Jiwani
72341,Jixi
46148,Jizan
68115,Jodhpur
21515,Joensuu / Liperi
23303,Johannesburg
35292,Johnstown
69087,Johor Bahru
51071,Joinville
68204,Jomsom
35269,Jonesboro
35284,Joplin
67957,Jorhat
20665,Jos
51068,João Pessoa
53840,Juara
51070,Juazeiro do Norte
26945,Juba
51199,Juiz de Fora
56366,Juliaca
68202,Jumla
47323,Juneau
23443,Jwaneng
21518,Jyväskylän Maalaiskunta
22713,Jönköping
33849,Kaben
46087,Kabul
68249,Kadapa
68292,Kadhdhoo
20666,Kaduna
11120,Kagau Island
49026,Kagoshima
40175,Kahramanmaraş
48135,Kahului
48221,Kaieteur Falls
48125,Kailua-Kona
68802,Kaimana-Papua Island
45909,Kaitaia
21523,Kajaani
67667,Kakadi
39135,Kalamata
33739,Kalamazoo
48128,Kalaupapa
70552,Kalbarri
71035,Kalgoorlie
49602,Kalibo
60045,Kaliningrad
34953,Kalispell
22758,Kalmar
47341,Kalskag
39143,Kalymnos Island
27198,Kamembe
19360,Kamloops
27391,Kampala
69078,Kampung Tekek
47608,Kamusi
25140,Kananga
49045,Kanazawa
67653,Kandla
47606,Kandrian
72221,Kangding
13415,Kangerlussuaq
19386,Kangiqsualujjuaq
19364,Kangiqsujuaq
19226,Kangirsuk
68256,Kannur
20667,Kano
68103,Kanpur
35596,Kansas City
68489,Kanti
48921,Kaohsiung (Xiaogang)
19574,Kapuskasing
46844,Karachi
59657,Karaganda
46490,Karaj
72315,Karamay
12758,Karara
68714,Karimunjawa
39452,Karlovy Vary
22795,Karlstad
22156,Karmøy
39139,Karpathos Island
71033,Karratha
40167,Kars
67240,Karshi
22059,Karup
19225,Kasabonika
23446,Kasane
46471,Kashan
19809,Kashechewan
72320,Kashgar
39141,Kasos Island
27217,Kassala
21379,Kassel
39134,Kastelorizo Island
68206,Kathmandu
22313,Katowice
48129,Kaunakakai
22954,Kaunas
39142,Kavala
12891,Kavieng
68492,Kawthoung
40130,Kayseri
67307,Kazan
34573,Kearney
26775,Kebri Dahar
39133,Kefallinia Island
19387,Kelowna
60069,Kemerovo
21520,Kemi / Tornio
68825,Kendari-Celebes Island
26457,Kenema
68488,Kengtung
19452,Kenora
59844,Keperveem
12887,Kerema
45906,Kerikeri
39140,Kerkyra Island
46497,Kerman
46462,Kermanshah
69030,Ketapang
47335,Ketchikan
34679,Key West
59825,Khabarovsk
67654,Khajuraho
67084,Khanty-Mansiysk
59942,Kharkiv
27240,Khartoum
46786,Khasab
60110,Khatanga
59962,Kherson
68425,Khon Kaen
59724,Khonuu
72145,Khovd
67227,Khujand
46848,Khuzdar
46089,Khvoshab
12873,Kieta
59948,Kiev
27196,Kigali
27280,Kigoma
49039,Kikai
12885,Kikori
24963,Kikwit
48887,Kili Island
21998,Killarney
34963,Killeen
12858,Kimbe
23235,Kimberley
19375,Kimmirut
25084,Kindu
46157,King Khaled Military City
47332,King Salmon
18238,Kingfisher Lake
41034,Kingston
59107,Kingstown
19502,Kinngait
24923,Kinshasa
11105,Kirakira
24959,Kiri
22172,Kirkenes
35241,Kirksville
67093,Kirov
22784,Kiruna
26805,Kirundo
25045,Kisangani
46454,Kish Island
27061,Kisumu
49078,Kitaakita
49504,Kitadaitōjima
49030,Kitakyushu
19363,Kitchener
39132,Kithira Island
21531,Kittilä
12883,Kiunga
38001,Kiwayu
22133,Kjevik
39759,Klagenfurt am Wörthersee
35447,Klamath Falls
37812,Knoxville
48990,Kobe
68247,Kochi
47270,Kodiak
67103,Kogalym
21525,Kokkola / Kruunupyy
47607,Kokoda
12986,Kokopo
59641,Kokshetau
47325,Koliganek
67942,Kolkata
59834,Komsomolsk-on-Amur
40123,Konya
45679,Koné
59800,Kopitnari
72314,Korla
68683,Kornasoren-Numfoor Island
44822,Koro Island
45956,Koromiko
39138,Kos Island
59675,Kostanay
67251,Kostroma
69082,Kota Baharu
68859,Kota Kinabalu
68738,Kotamadya Balikpapan
59997,Kotlas
47373,Kotzebue
24100,Koulamoutou
45684,Koumac
70600,Kowanyama
39144,Kozani
40339,Košice
68412,Krabi
22306,Kraków
58793,"Kralendijk, Bonaire"
40311,Kraljevo
60125,Krasnodar
60084,Krasnoyarsk
60120,Krasnyi Kurgan
22753,Kristianstad
59930,Kryvyi Rih
69088,Kuala Lumpur
69049,Kuala Pesisir
69091,Kuala Terengganu
69083,Kuantan
68836,Kuching
68867,Kudat
27131,Kufra
19236,Kugaaruk
19263,Kugluktuk
68285,Kulhudhuffushi
13389,Kulusuk
67226,Kulyab
49032,Kumamoto
20547,Kumasi
49497,Kumejima
12806,Kundiawa
72163,Kunming
49359,Kunsan
71041,Kununurra
21532,Kuopio / Siilinjärvi
68818,Kupang-Timor Island
72313,Kuqa
21460,Kuressaare
67116,Kurgan
67228,Kurgan-Tyube
59877,Kurilsk
67277,Kursk
49000,Kushiro
19524,Kuujjuaq
19326,Kuujjuarapik
21530,Kuusamo
46660,Kuwait City
22169,Kvernberget
48222,Kwajalein
68491,Kyaukpyu
60088,Kyzyl
59659,Kyzylorda
21459,Kärdla
40845,La Ceiba
18379,La Chorrera
35474,La Crosse
19318,La Grande Rivière
40608,La Isabela
54929,La Macarena
19307,La Macaza
39088,La Môle
41155,La Paz
55364,La Paz / El Alto
55204,La Pedrera
50879,La Rioja
38668,La Rochelle/Île de Ré
40612,La Romana
19517,La Ronge
51609,La Serena-Coquimbo
38607,La Seu d'Urgell Pyrenees and Andorra
18999,La Tabatière
52924,La Toma (Catamayo)
68860,Labuan
68815,Labuan Bajo - Flores Island
12925,Lae
68376,Laem Ngop
35416,Lafayette
51076,Lages
20670,Lagos
68855,Lahad Datu
48123,Lahaina
46853,Lahore
70464,Lajamanu
35402,Lake Charles
35065,Lake Havasu City
47612,Lake Murray
44819,Lakeba Island
22182,Lakselv
47703,Lal-lo
45651,Lamap
45652,Lamen Bay
46530,Lamerd
39270,Lamezia Terme (CZ)
39273,Lampedusa
27071,Lamu
48134,Lanai City
72160,Lancang Lahu Autonomous County
35456,Lancaster
21708,Land's End
68776,Langgur
69089,Langkawi
40333,Langzhong
59684,Lankaran
19377,Lansdowne House
35388,Lansing
26385,Lanzarote Island
72072,Lanzhou
49520,Laoag City
72356,"Laobian, Yingkou"
21538,Lappeenranta
49604,Lapu-Lapu City
46528,Lar
70718,Lara
35389,Laramie
69212,Larantuka-Flores Island
35466,Laredo
38432,Larnaca
50927,Las Heras
42014,Las Tunas
35390,Las Vegas
68496,Lashio
52889,Latacunga
47045,Latakia
35394,Latrobe
68234,Latur
70804,Launceston
68850,Lawas
38961,Le Havre/Octeville
38823,Le Puy/Loudes
35409,Lebanon
21773,Leeds
49525,Legazpi City
68123,Leh
21065,Leipzig
22221,Leirvik
22176,Leknes
21945,Lelystad
59752,Lensk
51075,Lençóis
70637,Leonora
39145,Leros Island
21693,Lerwick
41856,Les Cayes
59974,Leshukonskoye
19453,Lethbridge
58283,Lethem
55205,Leticia
10791,Levelock
35499,Lewiston
35500,Lewistown
35413,Lexington
38552,León
72225,Lhasa
69053,Lhok Seumawe-Sumatra Island
17853,Lianyungang
35396,Liberal
41559,Liberia
72223,Libo County
24114,Libreville
24133,Lichinga
22936,Liepāja
45685,Lifou
44833,Lifuka
48127,Lihue
72161,Lijiang
40771,Likiep Island
67965,Lilabari
39020,Lille/Lesquin
24793,Lilongwe
56353,Lima
68838,Limbang
39146,Limnos Island
38672,Limoges/Bellegarde
17804,Lincang
35451,Lincoln
27290,Lindi
71987,Linfen
29603,"Linghai, Jinzhou"
22815,Linköping
72184,Linyi
39760,Linz
67278,Lipetsk
72231,Liping
39829,Lisbon
70655,Lismore
35432,Little Rock
72233,Liupanshui
72034,Liuzhou (Liujiang)
21704,Liverpool
23920,Livingstone
20851,Liège
39394,Ljubljana
38508,Lleida
19381,Lloydminster
70650,Lockhart River
25158,Lodja
45645,Loh/Linua
68494,Loikaw
27068,Lokichoggio
20739,Lomé
12892,Londolovit
21834,London
51078,Londrina
69223,Long Apung-Borneo Island
44052,Long Banga
69217,Long Bawan-Borneo Island
35418,Long Beach
68835,Long Datih
68837,Long Seridan
45648,Longana
72073,Longnan
70684,Longreach
34920,Longview
23702,Longwood
72181,Longyan
22213,Longyearbyen
45654,Lonorore
50667,Lopez
70648,Lord Howe Island
41156,Loreto
39037,Lorient/Lann/Bihoué
35392,Los Angeles
41153,Los Mochis
12881,Losuia
37545,Louisville
19252,Lourdes-de-Blanc-Sablon
24066,Luanda
68143,Luang Namtha
68142,Luang Phabang
24080,Lubango
35393,Lubbock
22315,Lublin
25102,Lubumbashi
68124,Lucknow
24878,Luderitz
40056,Lugano
45658,Luganville
59926,Luhansk
68208,Lukla
22799,Luleå
72043,Luoyang
23923,Lusaka
19380,Lutselk'e
22110,Luxembourg
26885,Luxor
59956,Lviv
22779,Lycksele
35507,Lynchburg
19567,Lynn Lake
38894,Lyon
41152,Lázaro Cárdenas
21137,Lübeck
71988,Lüliang
68297,Maamigili
21930,Maastricht
68299,Maavaarulu
49519,Mabalacat
70709,Mabuiag Island
51091,Macapá
52891,Macas
51084,Macaé
51090,Maceió
69939,Mackay
35598,Macon
12908,Madang
35727,Madison
38555,Madrid
68259,Madurai
45653,Maewo Island
23276,Mafeking
59846,Magadan
67067,Magnitogorsk
68511,Magway
24008,Mahajanga
24653,Mahe Island
46447,Mahshahr
20668,Maiduguri
23987,Maintirano
40775,Majkin
48219,Majuro Atoll
45528,Makemo
60131,Makhachkala
49047,Makinohara / Shimada
19311,Makkovik
24113,Makokou
20669,Makurdi
23698,Malabo
27241,Malakal
23268,Malamala
68789,Malang
24068,Malanje
40129,Malatya
49596,Malay
45663,Malekula Island
27078,Malindi
22760,Malmö
40773,Maloelap Island
44808,Malolo Lailai Island
68293,Malé
49542,Mambajao
24011,Mampikony
44813,Mana Island
68755,Manado
41334,Managua
24029,Manakara
46118,Manama
24000,Mananara Nord
24031,Mananjary
51038,Manaus
35640,Manchester
68498,Mandalay
41211,Mandalgobi
24018,Mandritsara
44639,Mangaia Island
68260,Mangalore
72162,Mangshi
35636,Manhattan
51094,Manicoré
44640,Manihiki Island
13398,Maniitsoq
49522,Manila
70763,Maningrida
55217,Manizales
24028,Manja
21093,Mannheim
68806,Manokwari-Papua Island
52894,Manta
12913,Manus Island
41995,Manzanillo
45509,Maota
24135,Maputo
50973,Mar del Plata
51081,Marabá
57413,Maracaibo
57267,Maracay
11115,Marau
40178,Mardin
23270,Margate
21540,Mariehamn
58460,Marigot
39376,Marina  Di Campo
51085,Maringá
56286,Maripasoula
59924,Mariupol
59848,Markovo
24013,Maroantsetra
69985,Maroochydore
23772,Maroua
26534,Marrakech
26886,Marsa Alam
26887,Marsa Matruh
38918,Marseille
44138,Marsh Harbour
47269,Marshall
35754,Martha's Vineyard
68841,Marudi
67222,Mary
19392,Mary's Harbour
70886,Maryborough
45690,Maré
51087,Marília
27082,Masai Mara
68706,Masamba-Celebes Island
49601,Masbate
24822,Maseru
46508,Mashhad
26905,Massawa
35730,Massena
19814,Masset
49065,Masuda
24933,Matadi
41157,Matamoros
68697,Mataram
44821,Matei
56283,Matoury
48929,Matsu (Beigan)
48917,Matsu (Nangan)
48980,Matsumoto
49059,Matsuyama
44172,Matthew Town
57429,Maturín
44641,Mauke Island
68811,Maumere-Flores Island
23459,Maun
68504,Mawlamyine
44173,May Creek
58632,Mayaguez
46096,Mazar-i-Sharif
41166,Mazatlán
11103,Mbambanakira
25002,Mbandaka
24044,Mbanza Congo
27277,Mbeya
25177,Mbuji Mayi
35622,McAllen
70777,McArthur River Mine
47347,McGrath
55207,Medellín
35624,Medford
19544,Medicine Hat
46160,Medina
68211,Meghauli
22179,Mehamn
72023,Meizhou (Meixian)
40774,Mejit Atoll
70808,Melbourne
26436,Melilla
21146,Memmingen
35615,Memphis
12912,Mendi
50864,Mendoza
72067,Mengnai
24069,Menongue
38558,Menorca Island
68730,Merauke
35613,Meridian
70756,Merimbula
27077,Meru-Kinna
35253,Mesa
47363,Metlakatla
38858,Metz / Nancy
41160,Mexicali
41164,Mexico City
23926,Mfuwe
35642,Miami
23986,Miandrivazo
72229,Mianyang
35579,Midland
39324,Milan
70779,Mildura
35673,Miles City
41046,Mili Island
71202,Milikapiti
70762,Milingimbi Island
39152,Milos Island
35655,Milwaukee
49499,Minamidaito
41162,Minatitlán
60132,Mineralnyye Vody
35729,Minneapolis
35700,Minot
60052,Minsk
39089,Miquelon
19259,Miramichi
68846,Miri
59755,Mirny
46885,Mirpur Khas
49075,Misawa
12915,Misima Island
40295,Misratah
35728,Missoula
44643,Mitiaro Island
55216,Mitú
49095,Miyakejima
49500,Miyako City
49027,Miyazaki
26786,Mizan Teferi
68499,Mkeik
22200,Mo i Rana
70609,Moa Island
44814,Moala
35696,Mobile
55487,Moengo
46859,Moenjodaro
26819,Mogadishu
60056,Mogilev
72347,Mohe
35670,Moline
27080,Mombasa
20717,Monastir
49017,Monbetsu
19454,Moncton
68508,Mong Hsat
35675,Monroe
26497,Monrovia
19576,Mont-Joli
41035,Montego Bay
35724,Monterey
41165,Monterrey
55215,Montería
51086,Montes Claros
57203,Montevideo
35630,Montgomery
39352,Montichiari (BS)
38925,Montpellier/Méditerranée
19512,Montréal
45559,Moorea-Maiao
19396,Moosonee
22735,Mora
23990,Morafenobe
70842,Moranbah
70831,Moree
41161,Morelia
35633,Morgantown
12914,Moro
24033,Morombe
23994,Morondava
23970,Moroni
41450,Morowali
70847,Moruya
67265,Moscow
36178,Moselle
22181,Mosjøen
44159,Moss Town
51092,Mossoró
39852,Mostar
45555,Motu Mute
24101,Mouila
24668,Moundou
70857,Mount Gambier
12909,Mount Hagen
70465,Mount Hotham
69935,Mount Isa
21907,Mount Pleasant
47353,Mountain Village
59789,Moyo
24070,Moçâmedes
23652,Mpaka
23236,Mpumalanga
23384,Mthatha
27305,Mtwara
24928,Muanda
69039,Muara Bungo
68709,Muara Teweh
55927,Mucuri
72346,Mudanjiang
68839,Mukah
69004,Muko Muko
47106,Mulatupo
56469,Mulegé
46865,Multan
68870,Mulu
67637,Mumbai
11107,Munda
21063,Munich
60007,Murmansk
70712,Murray Island
46789,Muscat
35726,Muscle Shoals
35656,Muskegon
19811,Muskrat Dam
27306,Musoma
59110,Mustique Island
46857,Muzaffarabad
40172,Muş
27307,Mwanza
68502,Myitkyina
39151,Mykonos Island
35769,Myrtle Beach
39154,Mytilene
24807,Mzuzu
38557,Málaga
22139,Målselv
41158,Mérida
72146,Mörön
21059,Münster
24674,N'Djamena
23774,N'Gaoundéré
68415,Na Thon (Ko Samui Island)
68685,Nabire-Papua Island
44807,Nadi
26533,Nador
67094,Nadym
49578,Naga
49033,Nagasaki
49041,Nagoya
67659,Nagpur
49493,Naha
19285,Nain
27090,Nairobi
47011,Najaf
46161,Najran
49002,Nakashibetsu
59685,Nakhchivan
68411,Nakhon Si Thammarat
19455,Nakina
27087,Nakuru
60133,Nalchik
67232,Namangan
40776,Namorik Atoll
24140,Nampula
22185,Namsos
19256,Nanaimo
72171,Nanchang
72230,Nanchong
41555,Nandayure
67658,Nanded
69028,Nanga Pinoh-Borneo Island
72186,Nanjing
49058,Nankoku
72024,Nanning (Jiangnan)
39047,Nantes
18119,Nantong
33589,Nantucket
72044,Nanyang
27091,Nanyuki
45938,Napier
70901,Narrabri
70898,Narrandera
13367,Narsarsuaq
59975,Naryan Mar
33828,Nashville
67661,Nasik
44178,Nassau
51164,Natal
19403,Natashquan
49079,Natori
18211,Natuashish
44815,Nausori
51095,Navegantes
67237,Navoi
46866,Nawabashah
39156,Naxos
56451,Nazca
23936,Ndola
39122,Nea Anchialos
50975,Necochea
13369,Neerlerit Inaat
67104,Nefteyugansk
24072,Negage
55220,Neiva
45939,Nelson
19335,Nemiscau
68213,Nepalgunj
59722,Neryungri
50974,Neuquen
40135,Nevşehir
69627,New Barag Right Banner
34670,New Bedford
34672,New Bern
68107,New Delhi
35132,New Haven
35732,New Orleans
45937,New Plymouth
34673,New York
37668,Newburgh
21778,Newcastle
70959,Newman
36168,Newport News
21721,Newquay
44817,Ngau
24061,Ngiva
71024,Nhulunbuy
35191,Niagara Falls
20698,Niamey
38919,Nice
38431,Nicosia
41580,Nicoya
49076,Niigata
59964,Nikolayev
59857,Nikolayevsk-na-Amure Airport
72185,Ningbo
24950,Nioki
40313,Nis
44835,Niuatoputapu
67308,Nizhnekamsk
67096,Nizhnevartovsk
67305,Nizhny Novgorod
41167,Nogales
49663,Nogliki
47370,Nome
68286,Noonu Atoll
47489,Noorvik
21414,Norderney
35993,Norfolk
60114,Norilsk
19525,Norman Wells
70947,Normanton
22818,Norrköping
45655,Norsup
19559,North Bay
36005,North Bend
40482,North Caicos
44161,North Eleuthera
35395,North Platte
21688,North Ronaldsay
17494,North Spirit Lake
19406,Norway House
21823,Norwich
24009,Nosy Be
22186,Notodden
21782,Nottingham
26585,Nouadhibou
26580,Nouakchott
45686,Nouméa
45695,Nouméa (La Tontouta)
60105,Novokuznetsk
60093,Novosibirsk
67095,Novy Urengoy
46521,Nowshahr
67105,Noyabrsk
41998,Nueva Gerona
41168,Nuevo Laredo
47619,Nuku
45551,Nuku Hiva
44832,Nuku'alofa
67234,Nukus
58240,Nunam Iqua
1613,Nunapitchuk
69219,Nunukan-Nunukan Island
55219,Nuquí
59640,Nur-Sultan
21064,Nuremberg
13377,Nuuk
67088,Nyagan
27231,Nyala
68475,Nyaung U
72232,Nyingchi
22778,Nyland
39379,Nápoli
39087,Nîmes/Garons
71050,OZ Minerals Prominent Hill Mine
35921,Oakland
41169,Oaxaca
48996,Obihiro
47613,Obo
22073,Odense
59965,Odessa
45504,Ofu
35940,Ogden
35942,Ogdensburg
58270,Ogle
18269,Ogoki Post
40279,Ohrid
49029,Oita
48834,Okat
49052,Okayama
59860,Okhotsk
49046,Okinoshima
35949,Oklahoma City
68722,Oksibil-Papua Island
49019,Okushiri Island
39302,Olbia (SS)
19414,Old Crow
46704,Old Harbor
49518,Olongapo
45664,Olpoi
22367,Olsztyn
70979,Olympic Dam
59730,Olyokminsk
35968,Omaha
48981,Omitama
60095,Omsk
24887,Ondangwa
35977,Ontario
39882,Oradea
19915,Oran
24889,Oranjemund
58792,Oranjestad
23469,Orapa
48926,Orchid Island
71978,Ordos
40163,Ordu
67320,Orenburg
51176,Oriximiná
21792,Orkney Islands
35599,Orlando
46869,Ormara Raik
67321,Orsk
68258,Orvakal
49060,Osaka
59650,Osh
38443,Osijek
22152,Oslo
51461,Osorno
20889,Ostend
39462,Ostrava
45560,Otepa
19421,Ottawa
20524,Ouagadougou
23973,Ouani
19932,Ouargla
26536,Ouarzazate
68144,Oudomsay
26516,Oujda
21549,Oulu / Oulunsalo
26556,Ouro Sogui
45694,Ouvéa
5597,Ouzinkie
36014,Owensboro
20663,Owerri
19416,Oxford House
24102,Oyem
45650,Paama Island
13410,Paamiut
69044,Padang (Katapiang)
69015,Padang Sidempuan
21178,Paderborn
36135,Paducah
49549,Pagadian City
45510,Pago Pago
21797,"Paisley, Renfrewshire"
68526,Pakhokku
68145,Pakse
22968,Palanga
68711,Palangkaraya-Kalimantan Tengah
69042,Palembang
41179,Palenque
39275,Palermo
36243,Palm Springs
38578,Palma De Mallorca
41589,Palmar Sur
51124,Palmas
68703,Palopo
68704,Palu
38581,Pamplona
34582,Panama City Beach
41472,Panamá City
69010,Pangkal Pinang
68763,Pangkalanbun-Borneo Island
69095,Pangkor Island
19550,Pangnirtung
46871,Panjgur
39274,Pantelleria (TP)
68128,Pantnagar
17814,Panzhihua
26373,Papa Stour Island
21690,Papa Westray
45512,Papeete
38434,Paphos
71008,Paraburdoo
46870,Parachinar
55705,Paragominas
57373,Paraguaná
55505,Paramaribo
50819,Parana
52563,Paraty
51023,Parauapebas
39470,Pardubice
38986,Paris
36187,Parkersburg
71039,Parkes
39332,Parma
51121,Parnaíba
68283,Paro
39158,Paros
46536,Parsabad
36237,Pasco
46872,Pasni
51123,Passo Fundo
55238,Pasto
68126,Pathankot
68523,Pathein
67974,Patna
56913,Pato Branco
39164,Patras
38676,Pau/Pyrénées (Uzein)
19425,Paulatuk
51189,Paulo Afonso
59664,Pavlodar
19427,Peace River
19434,Peawanuck
67297,Pechora
41480,Pedasí
68986,Pekanbaru-Sumatra Island
68749,Pekaulang
36195,Pellston
51125,Pelotas
24141,Pemba / Porto Amelia
69092,Penang
40192,"Pendik, Istanbul"
44645,Penrhyn Island
36210,Pensacola
45649,Pentecost Island
19563,Penticton
67323,Penza
36177,Peoria
55230,Pereira
50950,Perito Moreno
67100,Perm
38921,Perpignan/Rivesaltes
71063,Perth
39385,Perugia
39266,Pescara
46874,Peshawar
47378,Petersburg
51126,Petrolina
59642,Petropavl
59870,Petropavlovsk-Kamchatsky
60019,Petrozavodsk
23312,Phalaborwa
68215,Phaplu
36172,Philadelphia
67693,Phnom Penh (Pou Senchey)
36176,Phoenix
68462,Phu Quoc Island
68417,Phuket
19431,Pickle Lake
39824,Pico Island
36183,Pierre
23317,Pietermaritzburg
19432,Pikangikum
23318,Pilanesberg
626,Pilot Station
48939,Pingtung
39380,Pisa
49357,Piseo-ri (Muan)
36184,Pittsburgh
56441,Piura
15469,Placencia
23713,Plaine Magnein
59887,Plastun
36141,Plattsburgh
47108,Playón Chico
68461,Pleiku
23311,Plettenberg Bay
38410,Plovdiv
36180,Pocatello
41513,Pococi
40317,Podgorica
49411,Pohang
48832,Pohnpei Island
23540,Pointe Noire
58576,Pointe-à-Pitre
19409,Points North Landing
38669,Poitiers/Biard
68214,Pokhara
23320,Polokwane
58633,Ponce
19351,Pond Inlet
39823,Ponta Delgada
57175,Ponta Grossa
51128,Ponta Porã
57638,Pontes e Lacerda
69032,Pontianak-Borneo Island
55235,Popayán
18614,Poplar Hill
12849,Popondetta
40359,Poprad
67663,Porbandar
21558,Pori
71051,Pormpuraaw
33993,Port Angeles
24004,Port Bergé
68264,Port Blair
23309,Port Elizabeth
21800,Port Ellen
24110,Port Gentil
44843,Port Harcourt
19586,Port Hardy
71061,Port Hedland
16687,Port Hope Simpson
71042,Port Lincoln
47008,Port Lions
71052,Port Macquarie
23714,Port Mathurin
12947,Port Moresby
27236,Port Sudan
45673,Port Vila
59096,Port of Spain
41861,Port-au-Prince
39826,Portimão
36273,Portland
39827,Porto
51120,Porto Alegre
51130,Porto Seguro
51131,Porto Velho
36240,Portsmouth
50903,Posadas
16654,Postville
19441,Powell River
41170,Poza Rica
22346,Poznań
39477,Prague
26712,Praia
39804,Praia da Vitória
26714,Preguiça
36229,Prescott
51035,Presidente Prudente
36224,Presque Isle
21802,"Prestwick, South Ayrshire"
39160,Preveza/Lefkada
19424,Prince Albert
19553,Prince George
19437,Prince Rupert
13533,Prishtina
69967,Proserpine
36260,Providence
55239,Providencia
40484,Providenciales
36265,Provo
60017,Pskov
72164,Pu'er
56319,Pucallpa
51548,Pucon
68265,Puducherry (Pondicherry)
41171,Puebla
36254,Pueblo
55154,Puerto Asís
57468,Puerto Ayacucho
52917,Puerto Baquerizo Moreno
40751,Puerto Barrios
41339,Puerto Cabezas
55228,Puerto Carreño
50942,Puerto Deseado
41181,Puerto Escondido
50899,Puerto Iguazu
55229,Puerto Inírida
41586,Puerto Jimenez
55202,Puerto Leguízamo
40881,Puerto Lempira
41566,Puerto Limon
50938,Puerto Madryn
56438,Puerto Maldonado
51630,Puerto Montt
51529,Puerto Natales
57484,Puerto Ordaz-Ciudad Guayana
11356,Puerto Peñasco
40618,Puerto Plata
49606,Puerto Princesa City
55388,Puerto Rico/Manuripi
40760,Puerto San José
50954,Puerto Santa Cruz
55389,Puerto Suárez
41180,Puerto Vallarta
52881,Puerto Villamil
38445,Pula
36257,Pullman/Moscow
67662,Pune
51352,Punta Arenas
40615,Punta Cana
15470,Punta Gorda
68525,Putao
69033,Putussibau-Borneo Island
68481,Pyinmana
72056,Pyongyang
21467,Pärnu
13412,Qaanaaq
46165,Qaisumah
47044,Qamishly
72349,Qian Gorlos Mongol Autonomous County
29578,Qianjiang
72310,Qiemo
19522,Qikiqtarjuaq
26806,Qilian
72075,Qingyang
71977,Qinhuangdao
72053,Qionghai
72348,Qiqihar
72189,Quanzhou
19329,Quaqtaq
19446,Quebec
45959,Queenstown
24143,Quelimane
41598,Quepos
41182,Querétaro
19465,Quesnel
46876,Quetta
40754,Quezaltenango
55265,Quibdó
39046,Quimper/Pluguffan
37865,Quincy
47386,Quinhagak
52909,Quito
68460,Quy Nohn
72180,Quzhou
26523,Rabat
26708,Rabil
68465,Rach Gia
46173,Rafha
46501,Rafsanjan
46877,Rahim Yar Khan
19419,Rainbow Lake
67666,Raipur
45527,Raitahiti
68269,Rajahmundry
67665,Rajkot
68055,Rajshahi
37385,Raleigh/Durham
11127,Ramata
49425,Rampart
46522,Ramsar
69031,Ranai-Natuna Besar Island
67976,Ranchi
19477,Rankin Inlet
38483,Ranón
37362,Rapid City
46767,Ras Al Khaimah
46476,Rasht
46881,Rawalakot
50936,Rawson
68380,Rayong
37381,Reading
51158,Recife
19471,Red Lake
45657,Redcliffe
37380,Redding
37383,Redmond
39278,Reggio Calabria
19457,Regina
11112,Rennell Island
39043,Rennes/Saint-Jacques
37422,Reno
19513,Repulse Bay
50896,Resistencia
19467,Resolute Bay
38594,Reus
55404,Reyes
13502,Reykjavik
13486,Reykjavík
41183,Reynosa
37393,Rhinelander
51160,Ribeirão Preto
55397,Riberalta
23334,Richards Bay
37396,Richmond
22941,Riga
16719,Rigolet
38451,Rijeka
45513,Rimatara Island
39354,Rimini
51156,Rio Branco
51048,Rio De Janeiro
50944,Rio Gallegos
50953,Rio Turbio
51159,Rio de Janeiro
55243,Riohacha
49020,Rishiri
59958,Rivne
46174,Riyadh
47071,Riyan
72191,Rizhao
59101,Road Town
37426,Roanoke
40889,Roatán
19470,Roberval
37427,Rochester
37411,Rock Springs
69972,Rockhampton
39162,Rodes Island
38702,Rodez/Marcillac
71133,Roma
39368,Rome
58014,Rondonópolis
40777,Rongelap Island
22693,Ronneby
50820,Rosario
22901,Rostock
60143,Rostov-on-Don
37430,Roswell
47626,Rota Island
45966,Rotorua
21952,Rotterdam
44823,Rotuma
38969,Rouen/Vallée de Seine
19822,Round Lake
19515,Rouyn-Noranda
21566,Rovaniemi
41508,Roxana
49608,Roxas City
68218,Rukumkot
27225,Rumbek
68220,Rumjatar
24903,Rundu
72318,Ruoqiang Town
37454,Rutland
67256,Rybinsk
22355,Rzeszów
22794,Råda
41481,Río Hato
22079,Rønne
22206,Røros
22205,Rørvik
21066,Saarbrücken
58797,Saba
67069,Sabetta
27135,Sabha
46510,Sabzevar
49377,Sacheon
19819,Sachigo Lake
19499,Sachs Harbour
35639,Sacramento
49070,Sado
49031,Saga
35588,Saginaw
71189,Saibai Island
68056,Saidpur
46889,Saidu Sharif
21727,Saint Anne
37645,Saint Cloud
58580,Saint George's
21729,Saint Helier
19488,Saint John
26559,Saint Louis
58796,Saint Martin
21728,Saint Peter Port
56288,Saint-Laurent-du-Maroni
39090,Saint-Pierre
38901,Saint-Étienne-de-Saint-Geoirs
38915,Saint-Étienne/Bouthéon
68147,Sainyabuli
46791,Salalah
38598,Salamanca
67071,Salekhard
37600,Salina
44009,Salina Cruz
56072,Salinópolis
37537,Salisbury
19581,Salluit
40486,Salt Cay
37593,Salt Lake City
50906,Salta
41148,Saltillo
51173,Salvador
39761,Salzburg
40601,Samana
67342,Samara
68741,Samarinda
67245,Samarkand
24014,Sambava
36059,Samjiyŏn
39168,Samos Island
68768,Sampit-Borneo Island
40191,Samsun
55252,San Andrés
37585,San Angelo
37524,San Antonio
50930,San Antonio Oeste
23695,San Antonio de Palé
40762,San Benito
55406,San Borja
50979,San Carlos de Bariloche
37522,San Diego
37562,San Francisco
41595,San Jose
41581,San José (Alajuela)
55248,San José Del Guaviare
41185,San José del Cabo
50883,San Juan
50946,San Julian
50892,San Luis
37533,San Luis Obispo
41190,San Luis Potosí
50882,San Miguel de Tucumán
15472,San Pedro
40852,San Pedro Sula
50871,San Rafael
44183,San Salvador
41742,San Salvador (San Luis Talpa)
50907,San Salvador de Jujuy
49565,San Vicente
55254,San Vicente Del Caguán
47075,Sana'a
68866,Sandakan
22214,Sandane
21692,Sanday
19583,Sandspit
19823,Sandy Lake
68757,Sango-Ternate Island
19489,Sanikiluaq
19514,Sanirajak
56456,Sanming
37611,Santa Ana
11114,Santa Ana Island
37528,Santa Barbara
55450,Santa Cruz
39796,Santa Cruz da Graciosa
39793,Santa Cruz das Flores
11106,Santa Cruz/Graciosa Bay/Luova
50822,Santa Fe
58076,Santa Isabel Do Rio Negro
37610,Santa Maria
55250,Santa Marta
50978,Santa Rosa
50972,Santa Teresita
38632,Santander
51168,Santarém
41975,Santiago
38606,Santiago de Compostela
55259,Santiago de Tolú
50876,Santiago del Estero
57549,Santo Domingo
51096,Santo Ângelo
39171,Santorini Island
72054,Sanya (Tianya)
48997,Sapporo
39854,Sarajevo
37599,Saranac Lake
67324,Saransk
37638,Sarasota/Bradenton
67326,Saratov
55244,Saravena
24665,Sarh
46523,Sari
19584,Sarnia
15471,Sartaneja
58461,Sasereme
19543,Saskatoon
59756,Saskylakh
68813,Satar Tacik-Flores Island
39889,Satu Mare
19224,Sault Ste Marie
69199,Saumlaki-Yamdena Island
37525,Savannah
21570,Savonlinna
34001,Savoy
44824,Savusavu
46892,Sawan Gas Field
56290,Saül
59095,Scarborough
19366,Schefferville
33776,Scottsbluff
37549,Seattle
46886,Sehwan Sharif
21572,Seinäjoki / Ilmajoki
47077,Seiyun
20549,Sekondi-Takoradi
47396,Selawik
23477,Selebi Phikwe
69323,Seletar
68795,Semarang-Java Island
26794,Semera
59665,Semey
46492,Semnan
68724,Senggeh
49400,Seoul
19588,Sept-Îles
68710,Seruyan
38634,Sevilla
40115,Seyhan
20727,Sfax
72319,Shache
23480,Shakawe
59878,Shakhtyorsk
19828,Shamattawa
48914,Shang-I
72192,Shanghai (Minhang)
72188,Shanghai (Pudong)
56455,Shangrao
72158,Shangri-La
22007,Shannon
17843,Shaoguan
72028,Shaoyang
46769,Sharjah
26894,Sharm el-Sheikh
46180,Sharurah
72045,Shennongjia
72029,Shenzhen (Bao'an)
37577,Sheridan
72018,Shihezi
71993,Shijiazhuang
26944,Shilavo
67937,Shillong
27321,Shinyanga
48989,Shirahama
46531,Shiraz
22865,Shire Indasilase
72047,Shiyan
49082,Shonai
37578,Shreveport
72331,"Shuangta, Chaoyang"
47295,Shungnak
59654,Shymkent
46890,Sialkot
39888,Sibiu
69024,Sibolga (Pinangsori)
69021,Siborong-Borong
68847,Sibu
68192,Siddharthanagar (Bhairahawa)
67695,Siem Reap
67697,Sihanoukville
41154,Silao
67962,Silchar
67935,Siliguri
37664,Silver City
68222,Simara
59932,Simferopol
68226,Simikot
22089,Sindal
69324,Singapore
40174,Sinop
58795,Sint Eustatius
69034,Sintang-Borneo Island
37662,Sioux City
34808,Sioux Falls
19548,Sioux Lookout
27128,Sirt
13420,Sisimiut
47395,Sitka
68533,Sittwe
40127,Sivas
47303,Skagway
46883,Skardu
22786,Skellefteå
39167,Skiathos
39174,Skiros Island
40280,Skopje
40354,Sliač
26519,Smara
19561,Smithers
24010,Soalala
68456,"Soc Son, Hanoi"
60149,Sochi
47076,Socotra Islands
38419,Sofia
22215,Sogndal
46792,Sohar
20674,Sokoto
45644,Sola
59980,Solovetsky Islands
23953,Solwesi
52029,Sorocaba
68826,Sorong-Papua Island
27410,Soroti
51169,Sorriso
39165,Souda
37531,South Bend
44148,South Bimini
33857,South Burlington
40485,South Caicos
21714,Southampton
67089,Sovetskiy
24076,Soyo
59102,Spanish Town
38458,Split
34908,Spokane
44140,Spring Point
37628,Springfield
59762,Srednekolymsk
68133,Srinagar
37569,St Augustine
23975,St Denis
37573,St George
37650,St Louis
47350,St Michael
47399,St Paul Island
36179,St Petersburg-Clearwater
23976,St Pierre
58571,St-François
19232,St. Anthony
58430,St. John's
16676,St. Lewis
21710,St. Mary's
60001,St. Petersburg
19496,St. Theresa Point
26382,"Sta Cruz de la Palma, La Palma Island"
68764,Stagen - Laut Island
52929,Stanley
37877,State College
22266,Stavanger
60137,Stavropol
44176,Stella Maris
19359,Stephenville
11109,Stirling Island
22736,Stockholm
22797,Stockholm / Västerås
19485,Stony Rapids
21806,"Stornoway, Western Isles"
22834,Storuman
39072,Strasbourg
21691,Stronsay
21067,Stuttgart
11116,Suavanao
69097,Subang
39890,Suceava
19481,Sudbury
71368,Sue Islet
27819,Sugapa-Papua Island
26893,Suhaj
49071,Sukagawa
68793,Sukarata(Solo)-Java Island
59805,Sukhumi
47615,Suki
47015,Sulaymaniyah
68698,Sumbawa Island
17371,Summer Beaver
22781,Sundsvall/ Härnösand
27795,Sungai Penuh
59740,Suntar
20548,Sunyani
60136,Sunzha
68794,Surabaya
68408,Surat Thani
67106,Surgut
49552,Surigao City
68424,Surin
68223,Surkhet
22771,Sveg
22216,Svolvær
24907,Swakopmund
19464,Sydney
67303,Syktyvkar
68059,Sylhet
37677,Syracuse
39169,Syros Island
39234,Sármellék
26713,São Filipe
51188,São Gabriel Da Cachoeira
51165,São José Dos Campos
51171,São José do Rio Preto
51166,São Luís
51052,São Paulo
26715,São Pedro
24123,São Tomé
24122,São Tomé & Príncipe
22738,Sälen / Trysil
19889,Sétif
25316,Sévaré
22083,Sønderborg
22222,Sørkjosen
72058,Sŏndŏng-ni
38860,TFFR
47078,Ta'izz
26898,Taba
20716,Tabarka
51185,Tabatinga
49611,Tablas Island
27322,Tabora
46539,Tabriz
12982,Tabubil
46183,Tabuk
68535,Tachileik
52925,Tachina
49592,Tacloban City
56434,Tacna
19246,Tadoule Lake
60146,Taganrog
68751,Tahuna-Sangihe Island
48927,Taichung (Qingshui)
48931,Tainan (Rende)
48941,Taipei
48940,Taipei City
48918,Taitung City
72004,Taiyuan
49064,Takamatsu
69051,Takengon
58442,Takotna
69043,Talang Gudang-Sumatra Island
56448,Talara
37758,Tallahassee
21476,Tallinn
19565,Taloyoak
68443,Tam Nghĩa
20542,Tamale
19890,Tamanrasset
26563,Tambacounda
23993,Tambohorano
59648,Tamchy
55260,Tame
37775,Tampa
21577,Tampere / Pirkkala
41196,Tampico
71226,Tamworth
26507,Tan Tan
68733,Tanah Merah-Papua Island
49555,Tandag
49025,Tanegashima
27323,Tanga
58079,Tangará Da Serra
69344,Tangbu
26541,Tangier
17769,Tangshan
69027,Tanjung Pandan
69002,Tanjung Pinang-Bintan Island
68737,Tanjung Redeb - Borneo Island
68735,Tanjung Selor-Borneo Island
68766,Tanta-Tabalong-Borneo Island
41199,Tapachula
12985,Tapini
68228,Taplejung
68740,Tarakan Island
49506,Tarama
18381,Tarapacá
56429,Tarapoto
44876,Tarawa
59644,Taraz
38679,Tarbes/Lourdes/Pyrénées
71315,Taree
12981,Tari
55428,Tarija
50912,Tartagal
21478,Tartu
68280,Tashigang
67249,Tashkent
8625,Tatitlek
45833,Taupo
45977,Tauranga
68869,Tawau
49561,Taytay
46184,Ta’if
59806,Tbilisi
24119,Tchibanga
45841,Te One
51180,Tefé
40894,Tegucigalpa
46485,Tehran
56091,Teixeira De Freitas
39585,Tel Aviv
47409,Teller
41118,Temixco
51577,Temuco
26386,Tenerife
72235,Tengchong
71299,Tennant Creek
41137,Tepic
51179,Teresina
50881,Termas de Río Hondo
67246,Termez
19554,Terrace
24145,Tete
19313,Texada
37808,Texarkana
68534,Thandwe
68468,Thanh Hóa
19447,The Pas
58803,The Valley
39178,Thessaloniki
68298,Thimarafushi
68275,Thiruvananthapuram
19504,Thompson
13424,Thule
19459,Thunder Bay
29577,Tiakur
71995,Tianjin
17894,Tianshui
45676,Tiga
41195,Tijuana
59767,Tiksi
25323,Timbuktu
68689,Timika-Papua Island
19931,Timimoun
39893,Timişoara
19509,Timmins
19911,Tindouf
41040,Tinson Pen
26796,Tippi
38359,Tirana
68274,Tiruchirappalli
68273,Tirupati
40326,Tivat
19914,Tlemcen
23992,Toamasina
27145,Tobruk
41483,Tocumen
19233,Tofino
47491,Tok
40132,Tokat
49036,Tokoname
49063,Tokushima
48979,Tokyo
41318,Tola
51178,Toledo
24034,Toliara
41198,Toluca
68861,Tomanggong
60104,Tomsk
72352,Tonghua
71996,Tongliao
45659,Tongoa Island
70020,Toowoomba
68702,Toraja
39326,Torino
19510,Toronto
22229,Torp
41193,Torreón
22820,Torsby
49062,Tottori
19928,Touggourt
45693,Touho
39080,Toulon/Hyères/Le Palyvestre
38675,Toulouse/Blagnac
38973,Tours/Val de Loire (Loire Valley)
69990,Townsville
49048,Toyama
20728,Tozeur
40168,Trabzon
16411,Trail
68420,Trang
39279,Trapani (TP)
37798,Traverse City
44142,Treasure Cay
37792,Trenton
39346,Treviso
39353,Trieste
67683,Trincomalee
42011,Trinidad
27133,Tripoli
22722,Trollhättan
22227,Tromsø
22235,Trondheim
56419,Trujillo
57016,Três Lagoas
24015,Tsaratanana
25147,Tshikapa
23995,Tsiroanomandidy
49015,Tsushima
37796,Tucson
51186,Tucuruí
47616,Tufi
49584,Tuguegarao City
19511,Tuktoyaktuk
52927,Tulcán
23483,Tuli Lodge
19800,Tulita
37794,Tulsa
55174,Tumaco
27814,Tumbang Samba-Borneo Island
56378,Tumbes
68230,Tumling Tar
59163,Tumxuk
20719,Tunis
37795,Tupelo
46187,Turaif
46896,Turbat
67221,Turkmenbashi
21579,Turku
60116,Turukhansk
41194,Tuxtla Gutiérrez
68466,Tuy Hoa
39855,Tuzla
37805,Twin Falls
37811,Tyler
67114,Tyumen
39892,Târgu Mureş
19900,Tébessi
18942,Tête-à-la-Baleine
24023,Tôlanaro
67224,Türkmenabat
45554,Ua Huka
45553,Ua Pou
40296,Ubari
49011,Ube
51192,Uberaba
51191,Uberlândia
68431,Ubon Ratchathani
67670,Udaipur
68422,Udon Thani
67335,Ufa
59917,Ujae Atoll
68674,Ujung Pandang-Celebes Island
67293,Ukhta
72137,Ulaanbaatar (Sergelen)
72152,Ulaangom
59916,Ulan Ude
71999,Ulanhot
71997,Ulanqab
72140,Uliastai
49378,Ulsan
19336,Ulukhaktok
67315,Ulyanovsk
22788,Umeå
19398,Umiujaq
51177,Una
47271,Unalaska
59111,Union Island
13427,Upernavik
23382,Upington
59660,Uralsk
19239,Uranium City
67090,Uray
67236,Urgench
46537,Urmia
41176,Uruapan
51190,Uruguaiana
67519,Urzhar
50945,Ushuaia
67298,Usinsk
59663,Ust-Kamenogorsk (Oskemen)
59913,Ust-Kut
59703,Ust-Kuyga
59734,Ust-Maya
59733,Ust-Nera
46257,Ustupo
40914,Utila Island
229,Utirik Island
47247,Utqiaġvik
45562,Uturoa
13429,Uummannaq
20648,Uyo
59960,Uzhhorod
40150,Uşak
21582,Vaasa
67641,Vadodara
22236,Vadsø
68235,Vagaikulam
19523,Val-d'Or
51656,Valdivia
37914,Valdosta
57584,Valencia
56138,Valença
57590,Valera
38624,Valladolid
55271,Valledupar
39622,Valletta
37922,Valparaiso
40170,Van
68469,Van Don
19526,Vancouver
13016,Vanimo
44838,Vanua Balavu
42013,Varadero
68097,Varanasi
22223,Vardø
21586,Varkaus / Joroinen
38429,Varna
67647,Vasco da Gama
38964,Vatry
44836,Vava'u Island
39833,Velas
39361,Venice
22946,Ventspils
41204,Veracruz
59736,Verkhnevilyuisk
19566,Victoria
24710,Victoria Falls
50937,Viedma / Carmen de Patagones
39762,Vienna
68152,Vientiane
58645,Vieux Fort
38631,Vigo
39828,Vila Baleira
39843,Vila Real
26710,Vila do Maio
39775,Vila do Porto
24147,Vilanculo
22789,Vilhelmina
51195,Vilhena
51594,Villa Las Estrellas
39359,Villafranca di Verona
41203,Villahermosa
55272,Villavicencio
22984,Vilnius
59742,Vilyuisk
68470,Vinh
49586,Virac
67982,Visakhapatnam
22822,Visby
39844,Viseu
51196,Vitória
14157,Vitória da Conquista
24016,Vohemar
23991,Vohilava
60152,Volgograd
13527,Vopnafjörður
67301,Vorkuta
67279,Voronezh
44812,Vunisea
22105,Vágar
22765,Växjö
45678,Waala
19535,Wabush
33592,Waco
46190,Wadi Al Dawasir
27243,Wadi Halfa
49038,Wadomari
55504,Wageningen
71234,Wagga Wagga
68699,Waikabubak-Sumba Island
48130,Waimea (Kamuela)
68700,Waingapu-Sumba Island
68804,Waisai
49049,Wajima
27099,Wajir
48838,Wake Island
49007,Wakkanai
45662,Walaha
47321,Wales
33651,Walla Walla
45255,Wallis Island
24917,Walvis Bay
68819,"Wamena, Jayawijaya Regency, Papua Province"
46001,Wanaka
46014,Wanganui
68821,Wangi-wangi Island
72241,Wanzhou
13020,Wapenamanda
44866,Warri
22330,Warsaw
34132,Washington
35190,"Washington, DC"
19369,Waskaganish
22014,Waterford
33649,Waterloo
33709,Watertown
27248,Wau
19538,Webequie
67685,Weerawila
21184,Weeze
72196,Weifang
72197,Weihai
70016,Weipa
17074,Wekweètì
46008,Wellington
19404,Wemindji
48831,Weno Island
72165,Wenshan
72201,Wenzhou
71009,West Island
36143,West Palm Beach
21437,Westerland
37994,Westerly
21694,Westray
13022,Wewak
37574,Weyers Cave
19549,Whale Cove
16957,Whatì
35096,White Plains
19557,Whitehorse
71395,Whyalla
35197,Wichita
37629,Wichita Falls
21794,Wick
33721,Wilkes-Barre/Scranton
58794,Willemstad
16645,Williams Harbour
19536,Williams Lake
35239,Williamsport
71419,Williamtown
60724,Williston
35221,Wilmington
24919,Windhoek
19449,Windsor
19532,Winnipeg
47622,Wipim
40780,Woja
19833,Wollaston Lake
49370,Wonju
72059,Wonsan
71077,Woomera
35995,Worcester
40782,Wotho Island
40781,Wotje
47428,Wrangell
22372,Wrocław
71998,Wuhai
72040,Wuhan
72239,Wulong
17467,Wunnumin Lake
72240,Wushan
72199,Wuxi
72200,Wuyishan
41150,Xalapa
72079,Xi'an
72077,Xiahe
72167,Xiamen
72048,Xiangyang
72242,Xichang
68153,Xieng Khouang
17810,Xigazê
72000,Xilinhot
72244,Xingyi
72078,Xining
17831,Xinyang
72317,Xinyuan
72002,Xinzhou
72210,"Xixiu, Anshun"
72202,Xuzhou
47262,Yakataga
38063,Yakima
47436,Yakutat
59754,Yakutia
59712,Yakutsk
71623,Yam Island
55280,Yamparaez
22265,Yan'an
46192,Yanbu
72205,Yancheng
11117,Yandina
68541,Yangon
72203,Yangzhou
72355,Yanji
70945,Yantai
23783,Yaoundé
48835,Yap Island
11366,Yaren District
13045,Yasuru
46543,Yazd
67110,Yekaterinburg
19580,Yellowknife
26460,Yengema
60075,Yeniseysk
49363,Yeosu
59694,Yerevan
60121,Yeysk
69965,Yibin
72049,Yichang
72204,Yichun
72069,Yinchuan
72172,"Yingzhou, Fuyang"
72326,Yining
72207,Yiwu
68712,Yogyakarta
68792,Yogyakarta-Java Island
20675,Yola
49056,Yonago
49509,Yonaguni
72022,Yongzhou
19786,York Landing
71619,Yorke Island
49507,Yoron
67311,Yoshkar-Ola
71604,Yueyang
72081,Yulin
35878,Yuma
72003,Yuncheng
72226,Yunlong
56381,Yurimaguas
59881,Yuzhno-Sakhalinsk
72033,Yùlín
41205,Zacatecas
38465,Zagreb
46546,Zahedan
39181,Zakynthos Island
49558,Zamboanga City
55481,Zandery
27330,Zanzibar
59929,Zaporizhia
67243,Zarafshan
38633,Zaragoza
59666,Zaysan
38468,Zemunik (Zadar)
72006,Zhalantun
72014,Zhangjiajie
17788,Zhangjiakou
17907,Zhangye
18117,Zhanjiang
72166,Zhaotong
72037,Zhengzhou
17953,"Zhenxing, Dandong"
59656,Zhezkazgan
67313,Zhigansk
72082,Zhongwei
72208,Zhoushan
72027,Zhuhai (Jinwan)
26552,Ziguinchor
20710,Zinder
40128,Zonguldak
72245,Zunyi
40063,Zurich
59768,Zyryanka
22826,Ängelholm
22116,Ålesund
22180,Årø
40143,Çanakkale
40156,Çorlu
13482,Ísafjörður
38759,Île d'Yeu
45680,Île des Pins
19323,Îles-de-la-Madeleine
56094,Óbidos
72153,Ölgii
22793,Örebro
22782,Örnsköldsvik
22792,Östersund
22189,Ørland
22191,Ørsta
72325,Ürümqi
13521,Þórshöfn
40145,İzmir
22318,Łódź
49001,Ōzora
40179,Şanlıurfa
40181,Şırnak
